{
  "IsEncrypted": false,
  "Values": {
    "FUNCTIONS_WORKER_RUNTIME": "node",
    "AzureWebJobsStorage": "UseDevelopmentStorage=true",
    "OPENAI_API_KEY": "sk-xxxx",
    "APP_BASE_URL": "http://localhost:4280",
    "GOOGLE_CLIENT_ID": "your-google-client-id.apps.googleusercontent.com",
    "GOOGLE_CLIENT_SECRET": "your-google-client-secret",
    "GOOGLE_SCOPES": "https://www.googleapis.com/auth/gmail.modify https://www.googleapis.com/auth/gmail.labels https://www.googleapis.com/auth/gmail.readonly",
    "COOKIE_SECRET": "change-this-long-random-secret",
    "COOKIE_SIGNING_SECRET": "change-this-other-secret",
    "COOKIE_SECURE": "false"
  }
}


